Census year,Block ID,Property ID,Base property ID,Building address,CLUE small area,Trading name,Business address,Number of patrons,Longitude,Latitude,Location
2020,6,578321,573333,Atrium Federation Square 2 Swanston Street MELBOURNE VIC 3000,Melbourne (CBD),Icebar Melbourne,"Tenancy 15, Atrium Federation Square 2 Swanston Street MELBOURNE VIC 3000",166,144.96994,-37.81778,"-37.81778, 144.96994"
2020,6,578327,573333,"Tenancy 18, Zinc 2 Swanston Street MELBOURNE VIC 3000",Melbourne (CBD),Zinc at Federation Square,"Tenancy 18, Zinc 2 Swanston Street MELBOURNE VIC 3000",1000,144.96994,-37.81778,"-37.81778, 144.96994"
2020,11,103993,103993,Waterside Hotel 508-514 Flinders Street MELBOURNE VIC 3000,Melbourne (CBD),Waterside Hotel,Waterside Hotel 508-514 Flinders Street MELBOURNE VIC 3000,983,144.95715,-37.82017,"-37.82017, 144.95715"
2020,11,105294,105294,27-31 King Street MELBOURNE VIC 3000,Melbourne (CBD),State Of Grace,"Basement , Ground & Rooftop 27 King Street MELBOURNE VIC 3000",200,144.95695,-37.81976,"-37.81976, 144.95695"
2020,12,105401,105401,14-20 King Street MELBOURNE VIC 3000,Melbourne (CBD),Tramp Bar,Basement 20 King Street MELBOURNE VIC 3000,260,144.95771,-37.81978,"-37.81978, 144.95771"
2020,14,101099,101099,16-26 Bond Street MELBOURNE VIC 3000,Melbourne (CBD),Bond Bar,Ground 20-24 Bond Street MELBOURNE VIC 3000,500,144.96306,-37.81815,"-37.81815, 144.96306"
2020,14,103165,103165,1-5 Elizabeth Street MELBOURNE VIC 3000,Melbourne (CBD),Dreams Gentlemen's Club,288 Flinders Street MELBOURNE VIC 3000,160,144.96461,-37.81806,"-37.81806, 144.96461"
2020,14,103172,103172,31-39 Elizabeth Street MELBOURNE VIC 3000,Melbourne (CBD),The Joint Bar,Level 1-2 35 Elizabeth Street MELBOURNE VIC 3000,329,144.96433,-37.81742,"-37.81742, 144.96433"
2020,14,103950,103950,335-339 Flinders Lane MELBOURNE VIC 3000,Melbourne (CBD),Bartronica,Basement 335 Flinders Lane MELBOURNE VIC 3000,200,144.96323,-37.81785,"-37.81785, 144.96323"
2020,15,103944,103944,Tomasetti House 277-279 Flinders Lane MELBOURNE VIC 3000,Melbourne (CBD),The Mill House Bar,"Unit 1, Basement 277 Flinders Lane MELBOURNE VIC 3000",400,144.9653,-37.81724,"-37.81724, 144.9653"
2020,15,109257,109257,Young And Jacksons Hotel 1-7 Swanston Street MELBOURNE VIC 3000,Melbourne (CBD),Young & Jacksons,Young And Jacksons Hotel 1-7 Swanston Street MELBOURNE VIC 3000,470,144.96702,-37.81736,"-37.81736, 144.96702"
2020,16,103938,103938,Adelphi Hotel 187 Flinders Lane MELBOURNE VIC 3000,Melbourne (CBD),Mon Bijou,"Unit 10, Level 10 187 Flinders Lane MELBOURNE VIC 3000",180,144.96838,-37.81636,"-37.81636, 144.96838"
2020,16,104020,104020,150-162 Flinders Street MELBOURNE VIC 3000,Melbourne (CBD),Forum Theatre Bar,Part Ground 150-162 Flinders Street MELBOURNE VIC 3000,1500,144.96939,-37.81649,"-37.81649, 144.96939"
2020,16,108532,108532,Cavendish House Apartments 27-37 Russell Street MELBOURNE VIC 3000,Melbourne (CBD),Whiskey Den,"Lot 2B, Ground 27 Russell Street MELBOURNE VIC 3000",40,144.96925,-37.81599,"-37.81599, 144.96925"
2020,17,103924,103924,107-109 Flinders Lane MELBOURNE VIC 3000,Melbourne (CBD),Jack & Bones,Basement 107 Flinders Lane MELBOURNE VIC 3000,230,144.97083,-37.81561,"-37.81561, 144.97083"
2020,17,103925,103925,121-123 Flinders Lane MELBOURNE VIC 3000,Melbourne (CBD),Sake Restaurant and Bar,"Unit 1, Gnd & Bmt 121 Flinders Lane MELBOURNE VIC 3000",350,144.97051,-37.81567,"-37.81567, 144.97051"
2020,23,102099,102099,419-429 Collins Street MELBOURNE VIC 3000,Melbourne (CBD),Ms Collins,Part Gnd & Mezzanine 425 Collins Street MELBOURNE VIC 3000,850,144.96065,-37.81753,"-37.81753, 144.96065"
2020,25,101789,101789,252-254 Flinders Lane MELBOURNE VIC 3000,Melbourne (CBD),Hell’s Kitchen,Mezzanine 20A Centre Place MELBOURNE VIC 3000,55,144.9656,-37.8166,"-37.8166, 144.9656"
2020,27,541562,102071,Grand Hyatt Hotel Gnd to Level 29 121-131 Collins Street MELBOURNE VIC 3000,Melbourne (CBD),RU-CO,Part UprGround 121-131 Collins Street MELBOURNE VIC 3000,400,144.96981,-37.81512,"-37.81512, 144.96981"
2020,33,100727,100727,Mitre Tavern 5-9 Bank Place MELBOURNE VIC 3000,Melbourne (CBD),Mitre Tavern,Mitre Tavern 5-9 Bank Place MELBOURNE VIC 3000,300,144.96029,-37.8168,"-37.8168, 144.96029"
2020,33,108065,108065,93-95 Queen Street MELBOURNE VIC 3000,Melbourne (CBD),GG EZ Bar,Basement 95 Queen Street MELBOURNE VIC 3000,167,144.96097,-37.81638,"-37.81638, 144.96097"
2020,33,108067,108067,103-105 Queen Street MELBOURNE VIC 3000,Melbourne (CBD),Chaise Lounge,Basement 105 Queen Street MELBOURNE VIC 3000,140,144.96081,-37.81615,"-37.81615, 144.96081"
2020,33,110148,110148,98-110 William Street MELBOURNE VIC 3000,Melbourne (CBD),The Australian Club,98-110 William Street MELBOURNE VIC 3000,280,144.95912,-37.81675,"-37.81675, 144.95912"
2020,43,108068,108068,111-129 Queen Street MELBOURNE VIC 3000,Melbourne (CBD),CQ Bar,Part Ground 113 Queen Street MELBOURNE VIC 3000,80,144.96064,-37.81581,"-37.81581, 144.96064"
2020,43,108068,108068,111-129 Queen Street MELBOURNE VIC 3000,Melbourne (CBD),CitiClub On Queen Hotel,"Pt Gnd & Lvl 1, Level 2-7 113 Queen Street MELBOURNE VIC 3000",940,144.96064,-37.81581,"-37.81581, 144.96064"
2020,45,105960,105960,The Hub Arcade 318-322 Little Collins Street MELBOURNE VIC 3000,Melbourne (CBD),New Guernica,Level 2 318-322 Little Collins Street MELBOURNE VIC 3000,380,144.96401,-37.81489,"-37.81489, 144.96401"
2020,46,109413,109413,146 Swanston Street MELBOURNE VIC 3000,Melbourne (CBD),Cabinet Bar,11 Rainbow Alley MELBOURNE VIC 3000,90,144.9662,-37.81418,"-37.81418, 144.9662"
2020,48,103626,103626,114-122 Exhibition Street MELBOURNE VIC 3000,Melbourne (CBD),European Bier Cafe,114-122 Exhibition Street MELBOURNE VIC 3000,550,144.9712,-37.81286,"-37.81286, 144.9712"
2020,48,503031,503031,19-23 Meyers Place MELBOURNE VIC 3000,Melbourne (CBD),Loop Project Space & Bar,Ground 19-23 Meyers Place MELBOURNE VIC 3000,152,144.97211,-37.81215,"-37.81215, 144.97211"
2020,52,592048,592048,188-202 King Street MELBOURNE VIC 3000,Melbourne (CBD),La Di Da,188-200 King Street MELBOURNE VIC 3000,458,144.95562,-37.81551,"-37.81551, 144.95562"
2020,54,104653,104653,21-25 Hardware Lane MELBOURNE VIC 3000,Melbourne (CBD),Campari House,21-25 Hardware Lane MELBOURNE VIC 3000,326,144.96131,-37.81409,"-37.81409, 144.96131"
2020,56,101206,101206,188 Bourke Street MELBOURNE VIC 3000,Melbourne (CBD),Heros Rooftop Bar,Level 2 & Rooftop 188 Bourke Street MELBOURNE VIC 3000,302,144.96761,-37.8127,"-37.8127, 144.96761"
2020,56,101207,101207,184-186 Bourke Street MELBOURNE VIC 3000,Melbourne (CBD),Stars KTV and Lounge,Level 1-4 184-186 Bourke Street MELBOURNE VIC 3000,204,144.96769,-37.81268,"-37.81268, 144.96769"
2020,56,108538,108538,163-169 Russell Street MELBOURNE VIC 3000,Melbourne (CBD),Sky Lounge KTV,Level 1 163-165 Russell Street MELBOURNE VIC 3000,300,144.96765,-37.81247,"-37.81247, 144.96765"
2020,57,101214,101214,146-150 Bourke Street MELBOURNE VIC 3000,Melbourne (CBD),FM Karaoke Bar,Pt Gnd & Levels 1-2 146 Bourke Street MELBOURNE VIC 3000,100,144.96874,-37.81235,"-37.81235, 144.96874"
2020,58,105828,105828,19-25 Little Bourke Street MELBOURNE VIC 3000,Melbourne (CBD),Mrs Parma's,19 Little Bourke Street MELBOURNE VIC 3000,300,144.97199,-37.81074,"-37.81074, 144.97199"
2020,64,104659,104659,67-73 Hardware Lane MELBOURNE VIC 3000,Melbourne (CBD),Charlie's Bar,Basement 67 Hardware Lane MELBOURNE VIC 3000,143,144.96091,-37.81323,"-37.81323, 144.96091"
2020,64,105870,105870,380-384 Little Bourke Street MELBOURNE VIC 3000,Melbourne (CBD),Kirk's Public Bar,382 Little Bourke Street MELBOURNE VIC 3000,98,144.96133,-37.81354,"-37.81354, 144.96133"
2020,65,105875,105875,Break Free (Heritage on Little Bourke) 318-322 Little Bourke Street MELBOURNE VIC 3000,Melbourne (CBD),Beneath Driver Lane,Basement 318 Little Bourke Street MELBOURNE VIC 3000,118,144.96313,-37.81293,"-37.81293, 144.96313"
2020,65,105875,105875,Break Free (Heritage on Little Bourke) 318-322 Little Bourke Street MELBOURNE VIC 3000,Melbourne (CBD),Penny Blue,2 Driver Lane MELBOURNE VIC 3000,85,144.96313,-37.81293,"-37.81293, 144.96313"
2020,66,105694,105694,233-237 Lonsdale Street MELBOURNE VIC 3000,Melbourne (CBD),Mezcalito Agave Bar,235 Lonsdale Street MELBOURNE VIC 3000,100,144.96555,-37.81158,"-37.81158, 144.96555"
2020,66,105694,105694,233-237 Lonsdale Street MELBOURNE VIC 3000,Melbourne (CBD),The Emerald Peacock,233 Lonsdale Street MELBOURNE VIC 3000,300,144.96555,-37.81158,"-37.81158, 144.96555"
2020,66,105695,105695,239 Lonsdale Street MELBOURNE VIC 3000,Melbourne (CBD),Ferdydurke,Level 1-2 239 Lonsdale Street MELBOURNE VIC 3000,100,144.96538,-37.81159,"-37.81159, 144.96538"
2020,66,109392,109392,Curtin House 248-258 Swanston Street MELBOURNE VIC 3000,Melbourne (CBD),Rooftop Cinema & Bar,"Unit S15, Level 7 252 Swanston Street MELBOURNE VIC 3000",200,144.96527,-37.81199,"-37.81199, 144.96527"
2020,67,105673,105673,103-105 Lonsdale Street MELBOURNE VIC 3000,Melbourne (CBD),Bomba Tapas Bar and Rooftop,Ground & Rooftop 103 Lonsdale Street MELBOURNE VIC 3000,145,144.96925,-37.81049,"-37.81049, 144.96925"
2020,67,105679,105679,131-137 Lonsdale Street MELBOURNE VIC 3000,Melbourne (CBD),True Colour Lounge,Part Level 1 128-130 Little Bourke Street MELBOURNE VIC 3000,170,144.96851,-37.81093,"-37.81093, 144.96851"
2020,74,106017,106017,391-393 Little Lonsdale Street MELBOURNE VIC 3000,Melbourne (CBD),La La Land,Level 1 391 Little Lonsdale Street MELBOURNE VIC 3000,175,144.96034,-37.81187,"-37.81187, 144.96034"
2020,76,589841,105749,QV Retail & Parking 221 Little Lonsdale Street MELBOURNE VIC 3000,Melbourne (CBD),Idarts Hive,243 Little Lonsdale Street MELBOURNE VIC 3000,100,144.96573,-37.81068,"-37.81068, 144.96573"
2020,78,110724,580091,17 Casselden Place MELBOURNE VIC 3000,Melbourne (CBD),Little Lon Distilling Co.,17 Casselden Place MELBOURNE VIC 3000,20,144.97073,-37.8092,"-37.8092, 144.97073"
2020,85,105746,105746,Melbourne Central 183-265 La Trobe Street MELBOURNE VIC 3000,Melbourne (CBD),Party World Karaoke Bar,"Shop 301, Level 3 300 Lonsdale Street MELBOURNE VIC 3000",500,144.96284,-37.8109,"-37.8109, 144.96284"
2020,85,105746,105746,Melbourne Central 183-265 La Trobe Street MELBOURNE VIC 3000,Melbourne (CBD),Hoyts,Cinema Level 3 300 Lonsdale Street MELBOURNE VIC 3000,300,144.96284,-37.8109,"-37.8109, 144.96284"
2020,85,105746,105746,Melbourne Central 183-265 La Trobe Street MELBOURNE VIC 3000,Melbourne (CBD),Strike Melbourne Central,"Shop 305, Level 3 300 Lonsdale Street MELBOURNE VIC 3000",760,144.96284,-37.8109,"-37.8109, 144.96284"
2020,85,109302,109302,281-287 Swanston Street MELBOURNE VIC 3000,Melbourne (CBD),Bornga,Level 1 258 Lonsdale Street MELBOURNE VIC 3000,40,144.96436,-37.81143,"-37.81143, 144.96436"
2020,103,104086,104086,211-213 Franklin Street MELBOURNE VIC 3000,Melbourne (CBD),Island Somewhere/Pinball Paradise,211-213 Franklin Street MELBOURNE VIC 3000,120,144.95784,-37.80968,"-37.80968, 144.95784"
2020,104,103219,103219,413-417 Elizabeth Street MELBOURNE VIC 3000,Melbourne (CBD),Workshop,Level 1 413-417 Elizabeth Street MELBOURNE VIC 3000,230,144.96052,-37.80919,"-37.80919, 144.96052"
2020,216,102714,102714,350-352 Drummond Street CARLTON VIC 3053,Carlton,Taquito,Front 350-352 Drummond Street CARLTON VIC 3053,70,144.96927,-37.79771,"-37.79771, 144.96927"
2020,242,104461,104461,Prince Alfred Hotel 191-197 Grattan Street CARLTON VIC 3053,Carlton,The Prince Alfred Rooftop and Bar,Prince Alfred Hotel 191-197 Grattan Street CARLTON VIC 3053,492,144.96221,-37.80046,"-37.80046, 144.96221"
2020,255,101593,101593,Lincoln Hotel 91-95 Cardigan Street CARLTON VIC 3053,Carlton,Hotel Lincoln,Lincoln Hotel 91 Cardigan Street CARLTON VIC 3053,154,144.96451,-37.80449,"-37.80449, 144.96451"
2020,268,108154,108153,Montefiore House Exhibition Mews 49 Rathdowne Street CARLTON VIC 3053,Carlton,Epocha Restaurant,Montefiore House Exhibition Mews 49 Rathdowne Street CARLTON VIC 3053,124,144.96856,-37.80577,"-37.80577, 144.96856"
2020,270,579293,104468,University House Building 112 230 Grattan Street PARKVILLE VIC 3010,Parkville,University House Club,University House Building 112 230 Grattan Street PARKVILLE VIC 3010,611,144.96121,-37.79677,"-37.79677, 144.96121"
2020,347,110920,110920,Limerick Castle Hotel & Restaurant 161-163 Errol Street NORTH MELBOURNE VIC 3051,North Melbourne,Limerick Castle Hotel & Restaurant,Limerick Castle Hotel & Restaurant 161-163 Errol Street NORTH MELBOURNE VIC 3051,50,144.94964,-37.80116,"-37.80116, 144.94964"
2020,358,109829,109829,Victoria Hotel 312-316 Victoria Street NORTH MELBOURNE VIC 3051,North Melbourne,Queen Victoria Hostel,Victoria Hotel 312-316 Victoria Street NORTH MELBOURNE VIC 3051,130,144.95571,-37.80563,"-37.80563, 144.95571"
2020,362,109843,109843,232-238 Victoria Street MELBOURNE VIC 3000,North Melbourne,The Last Chance Rock & Roll Bar,238 Victoria Street MELBOURNE VIC 3000,180,144.95859,-37.80593,"-37.80593, 144.95859"
2020,369,103507,103507,Court House Hotel 86-90 Errol Street NORTH MELBOURNE VIC 3051,North Melbourne,Court House Hotel,Court House Hotel 86-90 Errol Street NORTH MELBOURNE VIC 3051,50,144.94996,-37.80288,"-37.80288, 144.94996"
2020,424,109709,109709,313 Victoria Street WEST MELBOURNE VIC 3003,West Melbourne (Residential),Westwood Coffee & Wine,Ground 313 Victoria Street WEST MELBOURNE VIC 3003,50,144.95109,-37.80557,"-37.80557, 144.95109"
2020,435,107481,107481,65-67 Peel Street WEST MELBOURNE VIC 3003,West Melbourne (Residential),The Drunken Poet Pty Ltd,Ground 65 Peel Street WEST MELBOURNE VIC 3003,50,144.9555,-37.80667,"-37.80667, 144.9555"
2020,441,108856,108856,Hotel Spencer 475-477 Spencer Street WEST MELBOURNE VIC 3003,West Melbourne (Residential),Hotel Spencer Bar & Grill,Ground 475 Spencer Street WEST MELBOURNE VIC 3003,150,144.94925,-37.80957,"-37.80957, 144.94925"
2020,658,110266,110266,MCG 120 Brunton Avenue EAST MELBOURNE VIC 3002,East Melbourne,Spotless Services,Part MCG 120 Brunton Avenue EAST MELBOURNE VIC 3002,2800,144.98319,-37.82001,"-37.82001, 144.98319"
2020,724,106798,106798,557 St Kilda Road MELBOURNE VIC 3004,Melbourne (Remainder),Ormond Collective,Part 557 St Kilda Road MELBOURNE VIC 3004,350,144.98152,-37.84747,"-37.84747, 144.98152"
2020,730,110401,110401,334-342 City Road SOUTHBANK VIC 3006,Southbank,Urban Central Accomodation/Bar334,Pt Ground & Levels 1-5 334-342 City Road SOUTHBANK VIC 3006,290,144.95735,-37.82784,"-37.82784, 144.95735"
2020,733,110399,110399,105-107 Clarendon Street SOUTHBANK VIC 3006,Southbank,The Cloakroom Bar,Level 46 105 Clarendon Street SOUTHBANK VIC 3006,50,144.95826,-37.82713,"-37.82713, 144.95826"
2020,752,108653,110733,Theatres 100 St Kilda Road SOUTHBANK VIC 3006,Southbank,The Barre,100 St Kilda Road SOUTHBANK VIC 3006,300,144.96817,-37.82094,"-37.82094, 144.96817"
2020,753,110606,110380,Southgate 3 Southgate Avenue SOUTHBANK VIC 3006,Southbank,P J O'Briens Irish Pub & Side Bar,"Shop 12-16, Ground 3 Southgate Avenue SOUTHBANK VIC 3006",549,144.9663,-37.82072,"-37.82072, 144.9663"
2020,803,111175,110477,Crown Entertainment Complex 8 Whiteman Street SOUTHBANK VIC 3006,Southbank,The Pub at Crown,Part Casino 8 Whiteman Street SOUTHBANK VIC 3006,650,144.95833,-37.82316,"-37.82316, 144.95833"
2020,803,111175,110477,Crown Entertainment Complex 8 Whiteman Street SOUTHBANK VIC 3006,Southbank,Crown Entertainment Complex,Crown Entertainment Complex Crown Casino 8 Whiteman Street SOUTHBANK VIC 3006,320,144.95833,-37.82316,"-37.82316, 144.95833"
2020,804,692410,110484,Novotel Melbourne South Wharf Hotel 7 Convention Centre Place SOUTH WHARF VIC 3006,Southbank,Novotel Melbourne South Wharf,Novotel Melbourne South Wharf Hotel 7 Convention Centre Place SOUTH WHARF VIC 3006,50,144.95232,-37.82543,"-37.82543, 144.95232"
2020,804,110988,110988,29-65 South Wharf Promenade SOUTH WHARF VIC 3006,Southbank,Munich Brau Haus,45 South Wharf Promenade SOUTH WHARF VIC 3006,1100,144.95061,-37.82411,"-37.82411, 144.95061"
2020,804,110988,110988,29-65 South Wharf Promenade SOUTH WHARF VIC 3006,Southbank,The General Assembly,29 South Wharf Promenade SOUTH WHARF VIC 3006,610,144.95061,-37.82411,"-37.82411, 144.95061"
2020,806,110343,640947,Crown Casino Retail Precinct 27-45 Whiteman Street SOUTHBANK VIC 3006,Southbank,Kingpin Bowling Crown / Playtime,"Shop 120, Gnd & Mezz 27 Whiteman Street SOUTHBANK VIC 3006",347,144.95844,-37.8254,"-37.8254, 144.95844"
2020,813,110349,110349,1-23 City Road SOUTHBANK VIC 3006,Southbank,Testing Ground,1-23 City Road SOUTHBANK VIC 3006,500,144.96752,-37.82138,"-37.82138, 144.96752"
2020,1101,108973,108973,Southern Cross Station 85-161 Spencer Street DOCKLANDS VIC 3008,Docklands,Network Public Bar & Pizzeria,"Shop 4-5, Ground 99 Spencer Street DOCKLANDS VIC 3008",325,144.95223,-37.81841,"-37.81841, 144.95223"
2020,1104,576024,576023,Site One 747-757 Bourke Street DOCKLANDS VIC 3008,Docklands,The Nixon Hotel,749 Bourke Street DOCKLANDS VIC 3008,320,144.94799,-37.81938,"-37.81938, 144.94799"
2020,1105,640970,640970,14-24 Batmans Hill Drive DOCKLANDS VIC 3008,Docklands,Hightail,"Tenancy 40, LwrGround 18 Batmans Hill Drive DOCKLANDS VIC 3008",900,144.94982,-37.82131,"-37.82131, 144.94982"
2020,1110,593739,593739,O'Brien Icehouse 99-127 Pearl River Road DOCKLANDS VIC 3008,Docklands,Igloo Cafe & St Moritz Bar,Part Ground & Pt Mezzanine 1 105 Pearl River Road DOCKLANDS VIC 3008,100,144.93563,-37.81214,"-37.81214, 144.93563"
2020,2530,616125,616125,RSL 25-27 Rankins Road KENSINGTON VIC 3031,Kensington,Flemington & Kensington RSL Club,RSL 25-27 Rankins Road KENSINGTON VIC 3031,90,144.9322,-37.78932,"-37.78932, 144.9322"
2020,2538,616156,616156,40-48 Stubbs Street KENSINGTON VIC 3031,Kensington,Bonehead Brewing,86 Parsons Street KENSINGTON VIC 3031,80,144.93519,-37.79045,"-37.79045, 144.93519"
2020,6,578321,573333,Atrium Federation Square 2 Swanston Street MELBOURNE VIC 3000,Melbourne (CBD),Beer De Luxe,"Tenancy 17 & 23, Lvls 1-2 Atrium Federation Square 2 Swanston Street MELBOURNE VIC 3000",1000,144.96994,-37.81778,"-37.81778, 144.96994"
2020,6,578324,573333,"Tenancy 29, Transport Federation Square 2 Swanston Street MELBOURNE VIC 3000",Melbourne (CBD),Transport Hotel,"Tenancy 29, Ground 2 Swanston Street MELBOURNE VIC 3000",600,144.96994,-37.81778,"-37.81778, 144.96994"
2020,11,108971,108971,Holiday Inn on Flinders 561-585 Flinders Lane MELBOURNE VIC 3000,Melbourne (CBD),Holiday Inn On Flinders Melbourne,Holiday Inn on Flinders 561-585 Flinders Lane MELBOURNE VIC 3000,100,144.9551,-37.8202,"-37.8202, 144.9551"
2020,12,103994,103994,502-504 Flinders Street MELBOURNE VIC 3000,Melbourne (CBD),Insignia on Flinders,502-504 Flinders Street MELBOURNE VIC 3000,100,144.95766,-37.82006,"-37.82006, 144.95766"
2020,12,104824,104824,11A Highlander Lane MELBOURNE VIC 3000,Melbourne (CBD),Highlander Bar,11A Highlander Lane MELBOURNE VIC 3000,202,144.95797,-37.8197,"-37.8197, 144.95797"
2020,14,104003,104003,Q2 Tower 2-8 Queen Street MELBOURNE VIC 3000,Melbourne (CBD),Candela Nuevo,Suite 1201 & Part Rooftop 2 Queen Street MELBOURNE VIC 3000,300,144.96271,-37.81859,"-37.81859, 144.96271"
2020,16,103938,103938,Adelphi Hotel 187 Flinders Lane MELBOURNE VIC 3000,Melbourne (CBD),The Adelphi Hotel,Gnd-Lvl 7 187 Flinders Lane MELBOURNE VIC 3000,80,144.96838,-37.81636,"-37.81636, 144.96838"
2020,17,103922,103922,95-101 Flinders Lane MELBOURNE VIC 3000,Melbourne (CBD),Garden State Hotel,95-101 Flinders Lane MELBOURNE VIC 3000,840,144.9711,-37.81553,"-37.81553, 144.9711"
2020,17,103926,103926,125-127 Flinders Lane MELBOURNE VIC 3000,Melbourne (CBD),GoGo Bar,Basement 125 Flinders Lane MELBOURNE VIC 3000,300,144.9704,-37.81569,"-37.81569, 144.9704"
2020,17,574438,574438,84-94 Flinders Street MELBOURNE VIC 3000,Melbourne (CBD),Eau-De-Vie,Rear 88 Flinders Street MELBOURNE VIC 3000,150,144.97169,-37.81595,"-37.81595, 144.97169"
2020,21,606461,606461,607-623 Collins Street MELBOURNE VIC 3000,Melbourne (CBD),Batman's Hill On Collins Hotel,623 Collins Street MELBOURNE VIC 3000,1500,144.95469,-37.81929,"-37.81929, 144.95469"
2020,23,106436,106436,54-60 Market Street MELBOURNE VIC 3000,Melbourne (CBD),Oak & Vine Bar,"Unit 1R, Ground 60 Market Street MELBOURNE VIC 3000",370,144.96082,-37.81778,"-37.81778, 144.96082"
2020,27,102064,102064,69-73 Collins Street MELBOURNE VIC 3000,Melbourne (CBD),Harley House,Basement 71 Collins Street MELBOURNE VIC 3000,210,144.97135,-37.81434,"-37.81434, 144.97135"
2020,33,102124,102124,430-442 Collins Street MELBOURNE VIC 3000,Melbourne (CBD),The Mug House,Part Ground 440 Collins Street MELBOURNE VIC 3000,80,144.95976,-37.81703,"-37.81703, 144.95976"
2020,33,105933,105933,425-427 Little Collins Street MELBOURNE VIC 3000,Melbourne (CBD),The Irish Times,Gnd & Flr1 427 Little Collins Street MELBOURNE VIC 3000,170,144.96054,-37.81625,"-37.81625, 144.96054"
2020,33,105937,105937,435-443 Little Collins Street MELBOURNE VIC 3000,Melbourne (CBD),Marrakech Bar,LwrGround 25 Bank Place MELBOURNE VIC 3000,200,144.9601,-37.8164,"-37.8164, 144.9601"
2020,33,102131,110666,394 Collins Street MELBOURNE VIC 3000,Melbourne (CBD),The Bank On Collins,Ground 394 Collins Street MELBOURNE VIC 3000,300,144.96108,-37.81661,"-37.81661, 144.96108"
2020,35,102141,102141,280-292 Collins Street MELBOURNE VIC 3000,Melbourne (CBD),The Charles Dickens Tavern,Part Basement 290 Collins Street MELBOURNE VIC 3000,450,144.96434,-37.81553,"-37.81553, 144.96434"
2020,35,105919,105919,267 Little Collins Street MELBOURNE VIC 3000,Melbourne (CBD),Bar Americano,20 Presgrave Place MELBOURNE VIC 3000,10,144.9656,-37.81483,"-37.81483, 144.9656"
2020,37,102158,102158,86-88 Collins Street MELBOURNE VIC 3000,Melbourne (CBD),Indu & Mejico,86A Collins Street MELBOURNE VIC 3000,290,144.97058,-37.81394,"-37.81394, 144.97058"
2020,41,105948,105948,582-584 Little Collins Street MELBOURNE VIC 3000,Melbourne (CBD),Saint & Rogue,582-584 Little Collins Street MELBOURNE VIC 3000,300,144.95535,-37.81742,"-37.81742, 144.95535"
2020,43,101154,101154,RACV Building 483-501 Bourke Street MELBOURNE VIC 3000,Melbourne (CBD),RACV City Club,501 Bourke Street MELBOURNE VIC 3000,150,144.95958,-37.81589,"-37.81589, 144.95958"
2020,43,108069,108069,131-141 Queen Street MELBOURNE VIC 3000,Melbourne (CBD),The Turf Bar & Restaurant,"Unit 1, LwrGround 131 Queen Street MELBOURNE VIC 3000",527,144.96053,-37.8155,"-37.8155, 144.96053"
2020,46,101133,101133,209-215 Bourke Street MELBOURNE VIC 3000,Melbourne (CBD),Lychee Entertainment,Level 1-2 215 Bourke Street MELBOURNE VIC 3000,150,144.9673,-37.81328,"-37.81328, 144.9673"
2020,46,101136,101136,231-233 Bourke Street MELBOURNE VIC 3000,Melbourne (CBD),Comedy Republic,Level 1 - 2 231 Bourke Street MELBOURNE VIC 3000,150,144.96684,-37.81344,"-37.81344, 144.96684"
2020,46,108537,108537,QT Melbourne 131-141 Russell Street MELBOURNE VIC 3000,Melbourne (CBD),QT Melbourne,"Basement , Gnd & Level 1-8 & 11 133 Russell Street MELBOURNE VIC 3000",885,144.96784,-37.81343,"-37.81343, 144.96784"
2020,46,111394,111394,UB1 Little Hero Apartments 16-30 Russell Place MELBOURNE VIC 3000,Melbourne (CBD),Bar Ampere,16 Russell Place MELBOURNE VIC 3000,60,144.96744,-37.81354,"-37.81354, 144.96744"
2020,48,101113,101113,59-63 Bourke Street MELBOURNE VIC 3000,Melbourne (CBD),Club Jankara,Level 2 59-63 Bourke Street MELBOURNE VIC 3000,150,144.97157,-37.81212,"-37.81212, 144.97157"
2020,48,101116,101116,79-85 Bourke Street MELBOURNE VIC 3000,Melbourne (CBD),Good Heavens,Level 2 79 Bourke Street MELBOURNE VIC 3000,400,144.97104,-37.81218,"-37.81218, 144.97104"
2020,51,108963,108963,672-696 Bourke Street MELBOURNE VIC 3000,Melbourne (CBD),Mail Exchange Hotel,Part Basement 688 Bourke Street MELBOURNE VIC 3000,600,144.95359,-37.81663,"-37.81663, 144.95359"
2020,53,110145,110145,170-176 William Street MELBOURNE VIC 3000,Melbourne (CBD),Pho Melbourne,170 William Street MELBOURNE VIC 3000,50,144.95822,-37.81492,"-37.81492, 144.95822"
2020,54,109954,109954,15-19 Warburton Lane MELBOURNE VIC 3000,Melbourne (CBD),Murmur Piano Bar,Level 1 15-19 Warburton Lane MELBOURNE VIC 3000,50,144.96185,-37.81381,"-37.81381, 144.96185"
2020,55,109284,109284,191-205 Swanston Street MELBOURNE VIC 3000,Melbourne (CBD),Eva's Restaurant & Bar,Mezzanine 195 Swanston Street MELBOURNE VIC 3000,200,144.96501,-37.8131,"-37.8131, 144.96501"
2020,57,101217,101217,124-128 Bourke Street MELBOURNE VIC 3000,Melbourne (CBD),Welcome Stranger,Ground 124-128 Bourke Street MELBOURNE VIC 3000,350,144.96926,-37.81207,"-37.81207, 144.96926"
2020,57,101221,101221,94-96 Bourke Street MELBOURNE VIC 3000,Melbourne (CBD),The Elephant and Wheelbarrow,94-96 Bourke Street MELBOURNE VIC 3000,450,144.97024,-37.81192,"-37.81192, 144.97024"
2020,58,101230,101230,54-62 Bourke Street MELBOURNE VIC 3000,Melbourne (CBD),Romeo Lane,4 Crossley Street MELBOURNE VIC 3000,99,144.97136,-37.81156,"-37.81156, 144.97136"
2020,58,101236,101236,12 Bourke Street MELBOURNE VIC 3000,Melbourne (CBD),Angel Music Bar,12 Bourke Street MELBOURNE VIC 3000,125,144.97251,-37.81125,"-37.81125, 144.97251"
2020,58,101238,101238,The Imperial Hotel 2-8 Bourke Street MELBOURNE VIC 3000,Melbourne (CBD),Imperial Hotel,The Imperial Hotel 2-8 Bourke Street MELBOURNE VIC 3000,894,144.97268,-37.8112,"-37.8112, 144.97268"
2020,58,105831,105831,47-55 Little Bourke Street MELBOURNE VIC 3000,Melbourne (CBD),Bodega Underground,"Shop 2, 47-55 Little Bourke Street MELBOURNE VIC 3000",60,144.97111,-37.81102,"-37.81102, 144.97111"
2020,58,108986,108986,161 Spring Street MELBOURNE VIC 3000,Melbourne (CBD),The European,Ground 161 Spring Street MELBOURNE VIC 3000,703,144.97243,-37.81095,"-37.81095, 144.97243"
2020,63,105867,105867,428-432 Little Bourke Street MELBOURNE VIC 3000,Melbourne (CBD),Denmark House/The Danish Club,"Suite 301, Level 3 428 Little Bourke Street MELBOURNE VIC 3000",100,144.95973,-37.81392,"-37.81392, 144.95973"
2020,64,105700,105700,359-363 Lonsdale Street MELBOURNE VIC 3000,Melbourne (CBD),Whitehart,Rear 359 Lonsdale Street MELBOURNE VIC 3000,200,144.96188,-37.81275,"-37.81275, 144.96188"
2020,64,515538,515538,4-6 Goldie Place MELBOURNE VIC 3000,Melbourne (CBD),Paris Cat Jazz Club,4-6 Goldie Place MELBOURNE VIC 3000,120,144.96083,-37.81352,"-37.81352, 144.96083"
2020,66,108547,108547,199-203 Russell Street MELBOURNE VIC 3000,Melbourne (CBD),Exford Hotel,199-203 Russell Street MELBOURNE VIC 3000,300,144.96734,-37.81179,"-37.81179, 144.96734"
2020,66,109392,109392,Curtin House 248-258 Swanston Street MELBOURNE VIC 3000,Melbourne (CBD),Mesa Verde,"Unit S13, Level 6 252 Swanston Street MELBOURNE VIC 3000",175,144.96527,-37.81199,"-37.81199, 144.96527"
2020,67,102199,102199,16-20 Corrs Lane MELBOURNE VIC 3000,Melbourne (CBD),House of Maximon / Berlin Bar,Level 1 16-20 Corrs Lane MELBOURNE VIC 3000,300,144.96839,-37.81113,"-37.81113, 144.96839"
2020,67,102199,102199,16-20 Corrs Lane MELBOURNE VIC 3000,Melbourne (CBD),Euro House / Pulp Club,Ground 16-20 Corrs Lane MELBOURNE VIC 3000,200,144.96839,-37.81113,"-37.81113, 144.96839"
2020,67,105675,105675,113 Lonsdale Street MELBOURNE VIC 3000,Melbourne (CBD),Seamstress,113 Lonsdale Street MELBOURNE VIC 3000,160,144.96901,-37.81057,"-37.81057, 144.96901"
2020,76,589841,105749,QV Retail & Parking 221 Little Lonsdale Street MELBOURNE VIC 3000,Melbourne (CBD),Father's Office,249 Little Lonsdale Street MELBOURNE VIC 3000,370,144.96573,-37.81068,"-37.81068, 144.96573"
2020,78,103618,103618,242-284 Exhibition Street MELBOURNE VIC 3000,Melbourne (CBD),Coopers Inn,"Shop 1, 242 Exhibition Street MELBOURNE VIC 3000",400,144.96998,-37.80942,"-37.80942, 144.96998"
2020,85,102597,102597,2-20 Drewery Place MELBOURNE VIC 3000,Melbourne (CBD),Baroq House,Gnd & Bmt 2 Drewery Place MELBOURNE VIC 3000,303,144.96397,-37.8113,"-37.8113, 144.96397"
2020,85,105746,105746,Melbourne Central 183-265 La Trobe Street MELBOURNE VIC 3000,Melbourne (CBD),Diesel Bar,202 Little Lonsdale Street MELBOURNE VIC 3000,375,144.96284,-37.8109,"-37.8109, 144.96284"
2020,85,105746,105746,Melbourne Central 183-265 La Trobe Street MELBOURNE VIC 3000,Melbourne (CBD),Melbourne Central Lion Hotel,"Shop 303, Level 3 300 Lonsdale Street MELBOURNE VIC 3000",550,144.96284,-37.8109,"-37.8109, 144.96284"
2020,85,105746,105746,Melbourne Central 183-265 La Trobe Street MELBOURNE VIC 3000,Melbourne (CBD),B. Lucky & Sons,"Shop 307, Level 3 300 Lonsdale Street MELBOURNE VIC 3000",300,144.96284,-37.8109,"-37.8109, 144.96284"
2020,87,106057,106057,106 Little Lonsdale Street MELBOURNE VIC 3000,Melbourne (CBD),Troika Bar,Ground 106 Little Lonsdale Street MELBOURNE VIC 3000,60,144.96859,-37.80915,"-37.80915, 144.96859"
2020,87,106059,106059,100 Little Lonsdale Street MELBOURNE VIC 3000,Melbourne (CBD),Gami Chicken and Beer,100 Little Lonsdale Street MELBOURNE VIC 3000,73,144.96872,-37.80914,"-37.80914, 144.96872"
2020,87,108567,108567,300 Russell Street MELBOURNE VIC 3000,Melbourne (CBD),Jankara Karaoke,Ground 300 Russell Street MELBOURNE VIC 3000,80,144.96691,-37.80952,"-37.80952, 144.96691"
2020,95,109314,109314,401-405 Swanston Street MELBOURNE VIC 3000,Melbourne (CBD),Imix Club & Bar,Level 2 & Roof 401 Swanston Street MELBOURNE VIC 3000,360,144.96322,-37.80904,"-37.80904, 144.96322"
2020,97,105493,105493,52 La Trobe Street MELBOURNE VIC 3000,Melbourne (CBD),Karaoke Box,52 La Trobe Street MELBOURNE VIC 3000,300,144.96725,-37.80829,"-37.80829, 144.96725"
2020,103,100160,100160,196-200 A'Beckett Street MELBOURNE VIC 3000,Melbourne (CBD),Nomads Melbourne,196-200 A'Beckett Street MELBOURNE VIC 3000,200,144.95744,-37.80999,"-37.80999, 144.95744"
2020,105,109318,109318,427-457 Swanston Street MELBOURNE VIC 3000,Melbourne (CBD),The Oxford Scholar Hotel,Oxford Scholar Hotel 427 Swanston Street MELBOURNE VIC 3000,700,144.96269,-37.80826,"-37.80826, 144.96269"
2020,131,108844,108844,Crowne Plaza 1-5 Spencer Street DOCKLANDS VIC 3008,Docklands,Crowne Plaza,Crowne Plaza 1-5 Spencer Street DOCKLANDS VIC 3008,60,144.95502,-37.82267,"-37.82267, 144.95502"
2020,215,108202,108202,415-421 Rathdowne Street CARLTON VIC 3053,Carlton,Capitano,415-421 Rathdowne Street CARLTON VIC 3053,100,144.97043,-37.79652,"-37.79652, 144.97043"
2020,218,106215,106215,298 Lygon Street CARLTON VIC 3053,Carlton,Carlton Yacht Club Bar,298 Lygon Street CARLTON VIC 3053,46,144.96738,-37.79999,"-37.79999, 144.96738"
2020,247,106238,106238,192-202 Lygon Street CARLTON VIC 3053,Carlton,Players On Lygon,Ground 200 Lygon Street CARLTON VIC 3053,200,144.9671,-37.80246,"-37.80246, 144.9671"
2020,266,106081,106081,John Curtin Hotel 27-31 Lygon Street CARLTON VIC 3053,Carlton,The Curtin,John Curtin Hotel 27-31 Lygon Street CARLTON VIC 3053,350,144.9657,-37.8062,"-37.8062, 144.9657"
2020,345,103402,103402,33 Errol Street NORTH MELBOURNE VIC 3051,North Melbourne,Townhall Hotel North Melbourne,33 Errol Street NORTH MELBOURNE VIC 3051,40,144.94879,-37.80413,"-37.80413, 144.94879"
2020,355,105636,105636,The Leveson 46-50 Leveson Street NORTH MELBOURNE VIC 3051,North Melbourne,The Leveson,The Leveson 46-50 Leveson Street NORTH MELBOURNE VIC 3051,400,144.95146,-37.8037,"-37.8037, 144.95146"
2020,357,109822,109822,368 Victoria Street NORTH MELBOURNE VIC 3051,North Melbourne,Prudence Bar,368 Victoria Street NORTH MELBOURNE VIC 3051,80,144.95405,-37.80543,"-37.80543, 144.95405"
2020,419,108876,108876,McMahon's Hotel 573-579 Spencer Street WEST MELBOURNE VIC 3003,West Melbourne (Residential),McMahons Hotel,McMahon's Hotel 573-579 Spencer Street WEST MELBOURNE VIC 3003,160,144.94699,-37.80741,"-37.80741, 144.94699"
2020,710,108617,108617,Royce Hotel 375-385 St Kilda Road MELBOURNE VIC 3004,Melbourne (Remainder),Royce Hotel,Royce Hotel 375-385 St Kilda Road MELBOURNE VIC 3004,120,144.97554,-37.83508,"-37.83508, 144.97554"
2020,753,110606,110380,Southgate 3 Southgate Avenue SOUTHBANK VIC 3006,Southbank,Waterslide Bar,"Restaurant 3, Mid Lvl 3 Southgate Avenue SOUTHBANK VIC 3006",200,144.9663,-37.82072,"-37.82072, 144.9663"
2020,803,111175,110477,Crown Entertainment Complex 8 Whiteman Street SOUTHBANK VIC 3006,Southbank,R Bar by Rockpool,"Shop 3, Ground 8 Whiteman Street SOUTHBANK VIC 3006",555,144.95833,-37.82316,"-37.82316, 144.95833"
2020,803,111175,110477,Crown Entertainment Complex 8 Whiteman Street SOUTHBANK VIC 3006,Southbank,Velvet Bar,Part Casino 8 Whiteman Street SOUTHBANK VIC 3006,200,144.95833,-37.82316,"-37.82316, 144.95833"
2020,803,111175,110477,Crown Entertainment Complex 8 Whiteman Street SOUTHBANK VIC 3006,Southbank,Jackpot Bar,"Shop 72, Ground 8 Whiteman Street SOUTHBANK VIC 3006",80,144.95833,-37.82316,"-37.82316, 144.95833"
2020,803,111175,110477,Crown Entertainment Complex 8 Whiteman Street SOUTHBANK VIC 3006,Southbank,Lumia Bar,"Shop 73, Ground 8 Whiteman Street SOUTHBANK VIC 3006",140,144.95833,-37.82316,"-37.82316, 144.95833"
2020,804,110988,110988,29-65 South Wharf Promenade SOUTH WHARF VIC 3006,Southbank,Plus 5,37 South Wharf Promenade SOUTH WHARF VIC 3006,90,144.95061,-37.82411,"-37.82411, 144.95061"
2020,807,108054,108054,1-25 Whiteman Street SOUTHBANK VIC 3006,Southbank,Mesh/Tonic Bar,Part Ground 1-25 Whiteman Street SOUTHBANK VIC 3006,300,144.96002,-37.82398,"-37.82398, 144.96002"
2020,1110,620312,593737,NW Building 23-37 Star Crescent DOCKLANDS VIC 3008,Docklands,Urban Alley Brewery,Shop G09 12 Star Circus DOCKLANDS VIC 3008,700,144.938,-37.81329,"-37.81329, 144.938"
2020,2530,616160,616160,The Quiet Man Hotel 265-271 Racecourse Road KENSINGTON VIC 3031,Kensington,The Quiet Man Irishman  Pub,The Quiet Man Hotel 265-271 Racecourse Road KENSINGTON VIC 3031,400,144.93237,-37.78861,"-37.78861, 144.93237"
2020,6,578324,573333,"Tenancy 29, Transport Federation Square 2 Swanston Street MELBOURNE VIC 3000",Melbourne (CBD),Transit Rooftop Bar,"Tenancy 29, Level 2 2 Swanston Street MELBOURNE VIC 3000",200,144.96994,-37.81778,"-37.81778, 144.96994"
2020,11,103984,103984,566-580 Flinders Street MELBOURNE VIC 3000,Melbourne (CBD),UBar,8 Spencer Street MELBOURNE VIC 3000,128,144.95534,-37.82071,"-37.82071, 144.95534"
2020,12,105399,105399,26-32 King Street MELBOURNE VIC 3000,Melbourne (CBD),Clique Bar,Level 1 26 King Street MELBOURNE VIC 3000,222,144.95747,-37.81953,"-37.81953, 144.95747"
2020,12,105401,105401,14-20 King Street MELBOURNE VIC 3000,Melbourne (CBD),Spearmint Rhino Gentlemen's Club,Gnd & Flr1 20 King Street MELBOURNE VIC 3000,660,144.95771,-37.81978,"-37.81978, 144.95771"
2020,17,103592,103592,11-37 Exhibition Street MELBOURNE VIC 3000,Melbourne (CBD),The Fair Trader Cafe,Part Ground 11 Exhibition Street MELBOURNE VIC 3000,118,144.97173,-37.81546,"-37.81546, 144.97173"
2020,17,103928,103928,133-135 Flinders Lane MELBOURNE VIC 3000,Melbourne (CBD),Meatball & Wine Bar,Ground 135 Flinders Lane MELBOURNE VIC 3000,110,144.97016,-37.81574,"-37.81574, 144.97016"
2020,22,105394,105394,62-66 King Street MELBOURNE VIC 3000,Melbourne (CBD),KSR Art Bar,Level 1 62-66 King Street MELBOURNE VIC 3000,240,144.95715,-37.81874,"-37.81874, 144.95715"
2020,23,102098,102098,415-417 Collins Street MELBOURNE VIC 3000,Melbourne (CBD),The Sherlock Holmes Inn,Gnd & Bmt 417 Collins Street MELBOURNE VIC 3000,131,144.96087,-37.81747,"-37.81747, 144.96087"
2020,24,103174,103174,55-57 Elizabeth Street MELBOURNE VIC 3000,Melbourne (CBD),Fiftyfive,Basement 55 Elizabeth Street MELBOURNE VIC 3000,88,144.96413,-37.81697,"-37.81697, 144.96413"
2020,26,102073,102073,141-165 Collins Street MELBOURNE VIC 3000,Melbourne (CBD),Dessous,Basement 164 Flinders Lane MELBOURNE VIC 3000,161,144.96876,-37.81545,"-37.81545, 144.96876"
2020,27,597183,102071,Grand Hyatt Melbourne Retail 121-131 Collins Street MELBOURNE VIC 3000,Melbourne (CBD),Spice Market,Part LwrGround 121-131 Collins Street MELBOURNE VIC 3000,800,144.96981,-37.81512,"-37.81512, 144.96981"
2020,33,100730,100730,The Melbourne Savage Club 12-16 Bank Place MELBOURNE VIC 3000,Melbourne (CBD),Melbourne Savage Club,The Melbourne Savage Club 12-16 Bank Place MELBOURNE VIC 3000,90,144.96058,-37.81655,"-37.81655, 144.96058"
2020,33,105936,105936,433 Little Collins Street MELBOURNE VIC 3000,Melbourne (CBD),Dikstein's Corner Bar,433 Little Collins Street MELBOURNE VIC 3000,145,144.96034,-37.81631,"-37.81631, 144.96034"
2020,33,108064,108064,85-91 Queen Street MELBOURNE VIC 3000,Melbourne (CBD),The Black Rabbit,Basement 85 Queen Street MELBOURNE VIC 3000,230,144.96102,-37.8165,"-37.8165, 144.96102"
2020,35,105919,105919,267 Little Collins Street MELBOURNE VIC 3000,Melbourne (CBD),Polepole Bar & Kitchen/Glamp,Part Ground & Level 1 267 Little Collins Street MELBOURNE VIC 3000,100,144.9656,-37.81483,"-37.81483, 144.9656"
2020,35,109271,109271,Century Building 125-133 Swanston Street MELBOURNE VIC 3000,Melbourne (CBD),Max Watt's,Gnd & Bmt 125 Swanston Street MELBOURNE VIC 3000,800,144.9658,-37.81472,"-37.81472, 144.9658"
2020,35,558610,558610,256 Collins Street MELBOURNE VIC 3000,Melbourne (CBD),The Butterfly Club,Level 1-3 256 Collins Street MELBOURNE VIC 3000,190,144.96529,-37.81552,"-37.81552, 144.96529"
2020,36,102152,102152,162-168 Collins Street MELBOURNE VIC 3000,Melbourne (CBD),The George on Collins,"Shop B1, Basement 162 Collins Street MELBOURNE VIC 3000",620,144.96785,-37.8145,"-37.8145, 144.96785"
2020,42,105392,105392,120-138 King Street MELBOURNE VIC 3000,Melbourne (CBD),El Coco,Part Ground 120 King Street MELBOURNE VIC 3000,500,144.95641,-37.81703,"-37.81703, 144.95641"
2020,43,108068,108068,111-129 Queen Street MELBOURNE VIC 3000,Melbourne (CBD),Da Ha,Level 15 123 Queen Street MELBOURNE VIC 3000,200,144.96064,-37.81581,"-37.81581, 144.96064"
2020,46,101130,101130,193-199 Bourke Street MELBOURNE VIC 3000,Melbourne (CBD),The Carlton Hotel,Levels 1-4  and Rooftop 193-199 Bourke Street MELBOURNE VIC 3000,366,144.96765,-37.8132,"-37.8132, 144.96765"
2020,46,105963,105963,Council House 196-212 Little Collins Street MELBOURNE VIC 3000,Melbourne (CBD),The Luwow,212 Little Collins Street MELBOURNE VIC 3000,50,144.96715,-37.8139,"-37.8139, 144.96715"
2020,46,105964,105964,188-194 Little Collins Street MELBOURNE VIC 3000,Melbourne (CBD),Gin Palace,10 Russell Place MELBOURNE VIC 3000,150,144.96758,-37.81391,"-37.81391, 144.96758"
2020,46,108536,108536,115-127 Russell Street MELBOURNE VIC 3000,Melbourne (CBD),The Crafty Squire,115-127 Russell Street MELBOURNE VIC 3000,414,144.96815,-37.81368,"-37.81368, 144.96815"
2020,48,101109,101109,39-43 Bourke Street MELBOURNE VIC 3000,Melbourne (CBD),Spleen Central,41 Bourke Street MELBOURNE VIC 3000,100,144.97205,-37.81194,"-37.81194, 144.97205"
2020,48,105968,105968,62-66 Little Collins Street MELBOURNE VIC 3000,Melbourne (CBD),Magic Mountain Saloon,62-66 Little Collins Street MELBOURNE VIC 3000,285,144.97144,-37.81281,"-37.81281, 144.97144"
2020,55,101193,101193,General Post Office 338-352 Bourke Street MELBOURNE VIC 3000,Melbourne (CBD),Alto Event Space,Office T03 338-352 Bourke Street MELBOURNE VIC 3000,400,144.96329,-37.8136,"-37.8136, 144.96329"
2020,55,101194,101194,314-336 Bourke Street MELBOURNE VIC 3000,Melbourne (CBD),Mural Hall,Part Level 6 314-336 Bourke Street MELBOURNE VIC 3000,900,144.96383,-37.81345,"-37.81345, 144.96383"
2020,55,109284,109284,191-205 Swanston Street MELBOURNE VIC 3000,Melbourne (CBD),Black Opal,191 Swanston Street MELBOURNE VIC 3000,200,144.96501,-37.8131,"-37.8131, 144.96501"
2020,57,101212,101212,152-158 Bourke Street MELBOURNE VIC 3000,Melbourne (CBD),Ballers Clubhouse,Level 2-3 2 Coverlid Place MELBOURNE VIC 3000,1500,144.96852,-37.81196,"-37.81196, 144.96852"
2020,58,105657,105657,21 Liverpool Street MELBOURNE VIC 3000,Melbourne (CBD),Double Happiness Bar / New Gold Mountain,21 Liverpool Street MELBOURNE VIC 3000,164,144.97126,-37.81118,"-37.81118, 144.97126"
2020,58,105829,105829,37-41 Little Bourke Street MELBOURNE VIC 3000,Melbourne (CBD),Juliet Melbourne,Basement 37-41 Little Bourke Street MELBOURNE VIC 3000,100,144.97151,-37.81084,"-37.81084, 144.97151"
2020,61,105308,105308,203-207 King Street MELBOURNE VIC 3000,Melbourne (CBD),Bar Humbug,586 Little Bourke Street MELBOURNE VIC 3000,30,144.95497,-37.81539,"-37.81539, 144.95497"
2020,61,105716,105716,597-603 Lonsdale Street MELBOURNE VIC 3000,Melbourne (CBD),The Men's Gallery,597-603 Lonsdale Street MELBOURNE VIC 3000,675,144.95449,-37.81495,"-37.81495, 144.95449"
2020,61,105858,105858,590-592 Little Bourke Street MELBOURNE VIC 3000,Melbourne (CBD),Holey Moley Golf Club,590-592 Little Bourke Street MELBOURNE VIC 3000,700,144.9547,-37.81534,"-37.81534, 144.9547"
2020,64,104659,104659,67-73 Hardware Lane MELBOURNE VIC 3000,Melbourne (CBD),The Mill,Ground 67 Hardware Lane MELBOURNE VIC 3000,119,144.96091,-37.81323,"-37.81323, 144.96091"
2020,64,105704,105704,377-381 Lonsdale Street MELBOURNE VIC 3000,Melbourne (CBD),Trapt Bar & Escape Rooms,"Unit 1, 377 Lonsdale Street MELBOURNE VIC 3000",331,144.96145,-37.81288,"-37.81288, 144.96145"
2020,65,109292,109292,243-249 Swanston Street MELBOURNE VIC 3000,Melbourne (CBD),Radar,Level 1 243-249 Swanston Street MELBOURNE VIC 3000,212,144.96474,-37.8123,"-37.8123, 144.96474"
2020,66,105691,105691,209-211 Lonsdale Street MELBOURNE VIC 3000,Melbourne (CBD),Boilermaker House,209-211 Lonsdale Street MELBOURNE VIC 3000,180,144.96626,-37.81143,"-37.81143, 144.96626"
2020,66,105878,105878,242-244 Little Bourke Street MELBOURNE VIC 3000,Melbourne (CBD),Shanghai Club,"Unit 1, Ground 242 Little Bourke Street MELBOURNE VIC 3000",209,144.96559,-37.81209,"-37.81209, 144.96559"
2020,66,109390,109390,264-266 Swanston Street MELBOURNE VIC 3000,Melbourne (CBD),Goldilocks,Rooftop 264 Swanston Street MELBOURNE VIC 3000,60,144.96515,-37.81181,"-37.81181, 144.96515"
2020,66,109392,109392,Curtin House 248-258 Swanston Street MELBOURNE VIC 3000,Melbourne (CBD),Cookie,"Unit S2, Level 1 252 Swanston Street MELBOURNE VIC 3000",300,144.96527,-37.81199,"-37.81199, 144.96527"
2020,66,109392,109392,Curtin House 248-258 Swanston Street MELBOURNE VIC 3000,Melbourne (CBD),The Toff In Town,"Unit S3-S4, Level 2 252 Swanston Street MELBOURNE VIC 3000",342,144.96527,-37.81199,"-37.81199, 144.96527"
2020,66,109436,109436,27-29 Tattersalls Lane MELBOURNE VIC 3000,Melbourne (CBD),Section 8 Bar,27-29 Tattersalls Lane MELBOURNE VIC 3000,100,144.96539,-37.81176,"-37.81176, 144.96539"
2020,66,109952,109952,7-9 Waratah Place MELBOURNE VIC 3000,Melbourne (CBD),Manchuria,Level 1 7-9 Waratah Place MELBOURNE VIC 3000,80,144.96699,-37.81162,"-37.81162, 144.96699"
2020,67,102200,102200,12-14 Corrs Lane MELBOURNE VIC 3000,Melbourne (CBD),Fad Gallery,Gnd & Flr1 14 Corrs Lane MELBOURNE VIC 3000,80,144.96843,-37.81123,"-37.81123, 144.96843"
2020,67,105677,105677,117-121 Lonsdale Street MELBOURNE VIC 3000,Melbourne (CBD),Golden Nugget,Ground 117 Lonsdale Street MELBOURNE VIC 3000,250,144.9689,-37.81079,"-37.81079, 144.9689"
2020,67,108581,108581,226-236 Russell Street MELBOURNE VIC 3000,Melbourne (CBD),Heartbreaker,234A Russell Street MELBOURNE VIC 3000,166,144.96764,-37.81098,"-37.81098, 144.96764"
2020,71,105318,105318,Hotel Sophia 277-287 King Street MELBOURNE VIC 3000,Melbourne (CBD),Hotel Sophia,Hotel Sophia 277-287 King Street MELBOURNE VIC 3000,116,144.9542,-37.81368,"-37.81368, 144.9542"
2020,74,104662,104662,106-112 Hardware Street MELBOURNE VIC 3000,Melbourne (CBD),Mjolner Melbourne,"Unit 1, 106-112 Hardware Street MELBOURNE VIC 3000",200,144.96068,-37.81214,"-37.81214, 144.96068"
2020,74,106019,106019,399-401 Little Lonsdale Street MELBOURNE VIC 3000,Melbourne (CBD),Floyd's Bar,Restaurant Level 2 399 Little Lonsdale Street MELBOURNE VIC 3000,786,144.96014,-37.81205,"-37.81205, 144.96014"
2020,76,589841,105749,QV Retail & Parking 221 Little Lonsdale Street MELBOURNE VIC 3000,Melbourne (CBD),Strike Bowling,245-247 Little Lonsdale Street MELBOURNE VIC 3000,370,144.96573,-37.81068,"-37.81068, 144.96573"
2020,77,108573,108573,270 Russell Street MELBOURNE VIC 3000,Melbourne (CBD),Melbourne Whisky Room,Level 1 270A Russell Street MELBOURNE VIC 3000,50,144.96716,-37.81011,"-37.81011, 144.96716"
2020,77,108573,108573,270 Russell Street MELBOURNE VIC 3000,Melbourne (CBD),Whisky and Alement,Ground 270 Russell Street MELBOURNE VIC 3000,90,144.96716,-37.81011,"-37.81011, 144.96716"
2020,84,103207,103207,315-323 Elizabeth Street MELBOURNE VIC 3000,Melbourne (CBD),The Meeting Place,"Gnd, Bmt & Level 2 315-321 Elizabeth Street MELBOURNE VIC 3000",250,144.96146,-37.81122,"-37.81122, 144.96146"
2020,85,109302,109302,281-287 Swanston Street MELBOURNE VIC 3000,Melbourne (CBD),Mui Karaoke,Level 2 258 Lonsdale Street MELBOURNE VIC 3000,243,144.96436,-37.81143,"-37.81143, 144.96436"
2020,96,606638,105490,"Building 1, Francis Ormond 124 La Trobe Street MELBOURNE VIC 3000",Melbourne (CBD),Pearson and Murphy's Cafe,"Part Building 1, Ground 124 La Trobe Street MELBOURNE VIC 3000",156,144.96459,-37.80822,"-37.80822, 144.96459"
2020,105,103301,103301,442-450 Elizabeth Street MELBOURNE VIC 3000,Melbourne (CBD),Kicks,446 Elizabeth Street MELBOURNE VIC 3000,300,144.96086,-37.80831,"-37.80831, 144.96086"
2020,115,104103,104103,Mac's Hotel 34-38 Franklin Street MELBOURNE VIC 3000,Melbourne (CBD),Captain Melville,Mac's Hotel 34-38 Franklin Street MELBOURNE VIC 3000,355,144.96162,-37.80752,"-37.80752, 144.96162"
2020,204,101613,101613,377-391 Cardigan Street CARLTON VIC 3053,Carlton,Clyde Hotel,377-391 Cardigan Street CARLTON VIC 3053,239,144.96575,-37.79726,"-37.79726, 144.96575"
2020,207,106142,106142,291-299 Lygon Street CARLTON VIC 3053,Carlton,Agostino,297 Lygon Street CARLTON VIC 3053,90,144.96704,-37.79839,"-37.79839, 144.96704"
2020,207,106142,106142,291-299 Lygon Street CARLTON VIC 3053,Carlton,Johnny's Green Room,Rooftop 293 Lygon Street CARLTON VIC 3053,200,144.96704,-37.79839,"-37.79839, 144.96704"
2020,207,106153,106153,331-335 Lygon Street CARLTON VIC 3053,Carlton,Wolfs Lair,Rear 331-335 Lygon Street CARLTON VIC 3053,80,144.96717,-37.79751,"-37.79751, 144.96717"
2020,214,106186,106186,414-422 Lygon Street CARLTON VIC 3053,Carlton,Green Man's Arms,414-422 Lygon Street CARLTON VIC 3053,120,144.96781,-37.79695,"-37.79695, 144.96781"
2020,260,103276,103276,Royal Artillery Hotel 614-616 Elizabeth Street MELBOURNE VIC 3000,Carlton,The Last Jar,Royal Artillery Hotel 614-616 Elizabeth Street MELBOURNE VIC 3000,250,144.95891,-37.80388,"-37.80388, 144.95891"
2020,267,106251,106251,66-88 Lygon Street CARLTON VIC 3053,Carlton,Lord Lygon Wine Shop,Part Ground 66 Lygon Street CARLTON VIC 3053,80,144.96657,-37.8053,"-37.8053, 144.96657"
2020,267,106254,106254,Trades Hall 2-40 Lygon Street CARLTON VIC 3053,Carlton,Common Rooms At Trades Hall,Part Ground 54 Victoria Street CARLTON VIC 3053,174,144.96641,-37.80644,"-37.80644, 144.96641"
2020,270,664626,104468,Union House Building 130 230 Grattan Street PARKVILLE VIC 3010,Parkville,The Ida Bar,Part Level 1 Union House Building 130 230 Grattan Street PARKVILLE VIC 3010,200,144.96121,-37.79677,"-37.79677, 144.96121"
2020,327,102352,102352,171-173 Curzon Street NORTH MELBOURNE VIC 3051,North Melbourne,Albion Hotel,171-173 Curzon Street NORTH MELBOURNE VIC 3051,100,144.94855,-37.7989,"-37.7989, 144.94855"
2020,345,103393,103393,7 Errol Street NORTH MELBOURNE VIC 3051,North Melbourne,Joe Taylor,7 Errol Street NORTH MELBOURNE VIC 3051,30,144.94901,-37.8048,"-37.8048, 144.94901"
2020,358,107887,107887,Sir Robert Peel Hotel 351-359 Queensberry Street NORTH MELBOURNE VIC 3051,North Melbourne,Bobbie Peels,Sir Robert Peel Hotel 351-359 Queensberry Street NORTH MELBOURNE VIC 3051,240,144.95597,-37.80396,"-37.80396, 144.95597"
2020,361,109842,109842,Central Club Hotel 240-248 Victoria Street NORTH MELBOURNE VIC 3051,North Melbourne,Central Club Hotel,Central Club Hotel 240-248 Victoria Street NORTH MELBOURNE VIC 3051,150,144.95812,-37.80591,"-37.80591, 144.95812"
2020,377,102236,102236,56-58 Courtney Street NORTH MELBOURNE VIC 3051,North Melbourne,The Castle Hotel,56-58 Courtney Street NORTH MELBOURNE VIC 3051,317,144.95303,-37.8009,"-37.8009, 144.95303"
2020,423,109714,109714,345 Victoria Street WEST MELBOURNE VIC 3003,West Melbourne (Residential),Benchwarmer,Ground 345 Victoria Street WEST MELBOURNE VIC 3003,90,144.94996,-37.80546,"-37.80546, 144.94996"
2020,508,100820,100820,38-44 Barrett Street KENSINGTON VIC 3031,Kensington,Henry St Brewhouse,"Unit 5, 38 Barrett Street KENSINGTON VIC 3031",75,144.93432,-37.7981,"-37.7981, 144.93432"
2020,753,598987,598987,Evan Walker Bridge SOUTHBANK VIC 3006,Southbank,Ponyfish Island,Kiosk Evan Walker Bridge SOUTHBANK VIC 3006,150,144.96506,-37.81983,"-37.81983, 144.96506"
2020,801,110326,110326,4 Riverside Quay SOUTHBANK VIC 3006,Southbank,Soho Restaurant & Bar,Part Ground 4 Riverside Quay SOUTHBANK VIC 3006,200,144.96337,-37.82092,"-37.82092, 144.96337"
2020,801,110335,110335,1-9 Southbank Boulevard SOUTHBANK VIC 3006,Southbank,Left Bank Melbourne,Part Ground 1 Southbank Boulevard SOUTHBANK VIC 3006,400,144.96287,-37.82104,"-37.82104, 144.96287"
2020,801,559161,559161,Eureka Tower 3-7 Riverside Quay SOUTHBANK VIC 3006,Southbank,Belgian Beer Cafe Melbourne,5 Riverside Quay SOUTHBANK VIC 3006,638,144.96454,-37.82168,"-37.82168, 144.96454"
2020,803,111175,110477,Crown Entertainment Complex 8 Whiteman Street SOUTHBANK VIC 3006,Southbank,Atrium Bar,"Shop 70, Ground 8 Whiteman Street SOUTHBANK VIC 3006",100,144.95833,-37.82316,"-37.82316, 144.95833"
2020,803,111175,110477,Crown Entertainment Complex 8 Whiteman Street SOUTHBANK VIC 3006,Southbank,Groove Live Bar and Terrace,"Shop 71, Ground 8 Whiteman Street SOUTHBANK VIC 3006",600,144.95833,-37.82316,"-37.82316, 144.95833"
2020,803,597190,110477,Crown Towers Hotel 8 Whiteman Street SOUTHBANK VIC 3006,Southbank,Club 23,Restaurant Crown Towers Hotel Crown Casino 8 Whiteman Street SOUTHBANK VIC 3006,450,144.95833,-37.82316,"-37.82316, 144.95833"
2020,804,623559,110484,Pan Pacific Melbourne 2 Convention Centre Place SOUTH WHARF VIC 3006,Southbank,Pan Pacific,Pan Pacific Melbourne 2 Convention Centre Place SOUTH WHARF VIC 3006,60,144.95232,-37.82543,"-37.82543, 144.95232"
2020,804,110537,110537,1-27 South Wharf Promenade SOUTH WHARF VIC 3006,Southbank,The Boatbuilders Yard,Part 23 South Wharf Promenade SOUTH WHARF VIC 3006,1438,144.95343,-37.82432,"-37.82432, 144.95343"
2020,861,102503,102503,161-173 Domain Road SOUTH YARRA VIC 3141,South Yarra,Botanical Hotel,169 Domain Road SOUTH YARRA VIC 3141,245,144.9817,-37.83432,"-37.83432, 144.9817"
2020,1103,558180,558180,Marvel Stadium 122-148 Harbour Esplanade DOCKLANDS VIC 3008,Docklands,Legends Bar,Part Level 1 140 Harbour Esplanade DOCKLANDS VIC 3008,250,144.94756,-37.81674,"-37.81674, 144.94756"
2020,1103,558180,558180,Marvel Stadium 122-148 Harbour Esplanade DOCKLANDS VIC 3008,Docklands,E J Whitten Bar,Part Level 1 140 Harbour Esplanade DOCKLANDS VIC 3008,70,144.94756,-37.81674,"-37.81674, 144.94756"
2020,1103,558180,558180,Marvel Stadium 122-148 Harbour Esplanade DOCKLANDS VIC 3008,Docklands,Locker Room Club Bar,Part Ground 140 Harbour Esplanade DOCKLANDS VIC 3008,500,144.94756,-37.81674,"-37.81674, 144.94756"
2020,1103,558180,558180,Marvel Stadium 122-148 Harbour Esplanade DOCKLANDS VIC 3008,Docklands,Melbourne Stadiums Limited,Marvel Stadium 740 Bourke Street DOCKLANDS VIC 3008,5000,144.94756,-37.81674,"-37.81674, 144.94756"
2020,1105,628712,628712,717-731 Collins Street DOCKLANDS VIC 3008,Docklands,Bar Nicional,"Tenancy 47, Ground 727 Collins Street DOCKLANDS VIC 3008",75,144.95012,-37.8207,"-37.8207, 144.95012"
2020,1109,560004,560004,24-42 Newquay Promenade DOCKLANDS VIC 3008,Docklands,Solidaire Victoria,28 Newquay Promenade DOCKLANDS VIC 3008,321,144.94217,-37.81436,"-37.81436, 144.94217"
2020,1109,601809,593728,East Building Newquay Central 425-427 Docklands Drive DOCKLANDS VIC 3008,Docklands,Waterfront Venues Melbourne,"Suite 2, Level 1 78 Newquay Promenade DOCKLANDS VIC 3008",1059,144.93958,-37.81524,"-37.81524, 144.93958"
2020,1112,103982,103982,The Mission to Seafarers 705-729 Flinders Street DOCKLANDS VIC 3008,Docklands,The Flying Angel Club,717 Flinders Street DOCKLANDS VIC 3008,200,144.95133,-37.82247,"-37.82247, 144.95133"
